dose_e_per_angstrom2,rmsd_total_angstrom,rmsd_x_angstrom,rmsd_y_angstrom,rmsd_z_angstrom,snr_estimate
2300.0,1.5,0.27,0.30000000000000004,1.35,2.1
4600.0,0.87,0.1566,0.17400000000000002,0.783,3.8
6400.0,0.54,0.09720000000000001,0.10800000000000001,0.48600000000000004,5.2
9100.0,0.45,0.081,0.09000000000000001,0.405,6.7
27000.0,0.33,0.0594,0.066,0.29700000000000004,12.5
